{"position":{"x":-0.49999991059303286,"y":-0.20000004768371583,"z":0.0}}