{"jump":122,"right":275,"left":276,"crouch":99,"up":273,"shoot":120,"specialAbility":118,"selectUp":273,"selectDown":274,"selectLeft":276,"selectRight":275,"selectSelect":120,"masterVolume":0.6283194422721863,"musicVolume":0.12092559784650803,"sfxVolume":0.7042912840843201,"screenMode":0,"quality":0,"localizationIndex":1}