{"jump":122,"right":275,"left":276,"crouch":99,"up":273,"shoot":120,"specialAbility":103,"selectUp":273,"selectDown":274,"selectLeft":276,"selectRight":275,"selectSelect":120,"masterVolume":0.6060041785240173,"musicVolume":0.3366759717464447,"sfxVolume":1.0,"screenMode":1,"quality":2}