{"jump":122,"right":275,"left":276,"crouch":99,"up":273,"shoot":120,"specialAbility":118,"selectUp":273,"selectDown":274,"selectLeft":276,"selectRight":275,"selectSelect":120,"masterVolume":0.3557148575782776,"musicVolume":0.7400501370429993,"sfxVolume":0.2719692289829254,"screenMode":2,"quality":0,"localizationIndex":0}